<?xml version="1.0"?>
<datatypes db="oracle">
	<group label="Number" color="rgb(238,238,170)">
		<type label="NUMERIC" length="0" sql="DECIMAL" re="INT" quote="" />
		<type label="NUMBER" length="0" sql="DECIMAL" re="INT" quote="" />
		<type label="Decimal" length="1" sql="DECIMAL" re="DEC" quote="" />
		<type label="Single precision" length="0" sql="FLOAT" quote="" />
		<type label="Double precision" length="0" sql="DOUBLE" re="DOUBLE" quote="" />
	</group>

	<group label="Character" color="rgb(255,200,200)">
		<type label="Char" length="1" sql="CHAR" quote="'"/>
		<type label="NCHAR" length="1" sql="NCHAR" quote="'"/>
		<type label="Varchar2" length="1" sql="VARCHAR2"  quote="'"/>
		<type label="CLOB" length="0" sql="MEDIUMTEXT" re="TEXT" quote="'"/>
		<type label="Binary" length="1" sql="BINARY" quote="'"/>
		<type label="Varbinary" length="1" sql="VARBINARY" quote="'"/>
		<type label="BLOB" length="0" sql="BLOB" re="BLOB" quote="'"/>
	</group>

	<group label="Date &amp; Time" color="rgb(200,255,200)">
		<type label="Date" length="0" sql="DATE" quote="'" />
		<type label="Timestamp" length="0" sql="TIMESTAMP" quote="'" />
	</group>
	
	<group label="Miscellaneous" color="rgb(200,200,255)">
		<type label="ENUM" length="1" sql="ENUM" quote="" />
		<type label="SET" length="1" sql="SET" quote="" />
	</group>
</datatypes>
